"","IDG_RIUU","COD_PLAN","PAPA_tot","GRUPO","PLAN","TRIAGE"
"3","013972513","2513","2.7",5,"BIOLOGÍA","I"
"14","015892513","2513","3",5,"BIOLOGÍA","I"
"319","023812513","2513","3.1",5,"BIOLOGÍA","I"
"400","025092513","2513","3.1",5,"BIOLOGÍA","I"
"443","025612513","2513","2.8",5,"BIOLOGÍA","I"
"482","026192513","2513","2.7",5,"BIOLOGÍA","I"
"611","017872514","2514","3",5,"ESTADÍSTICA","I"
"666","018872514","2514","2.9",5,"ESTADÍSTICA","I"
"698","019322514","2514","3",5,"ESTADÍSTICA","I"
"769","020442514","2514","3.2",5,"ESTADÍSTICA","I"
"818","021122514","2514","2.7",5,"ESTADÍSTICA","I"
"884","022172514","2514","3",5,"ESTADÍSTICA","I"
"923","022872514","2514","2.8",5,"ESTADÍSTICA","I"
"963","016332515","2515","2.9",5,"FARMACIA","I"
"1018","022052515","2515","2.8",5,"FARMACIA","I"
"1352","027022515","2515","3",5,"FARMACIA","I"
"1357","027092515","2515","3.3",5,"FARMACIA","I"
"1386","027552515","2515","3.1",5,"FARMACIA","I"
"1502","029162515","2515","3",5,"FARMACIA","I"
"1555","011542516","2516","2.8",5,"FÍSICA","I"
"1558","013642516","2516","3",5,"FÍSICA","I"
"1644","019802516","2516","2.9",5,"FÍSICA","I"
"1709","021242516","2516","3",5,"FÍSICA","I"
"1947","025052516","2516","2.9",5,"FÍSICA","I"
"2219","011752517","2517","3",5,"GEOLOGÍA","I"
"2285","013592517","2517","2.9",5,"GEOLOGÍA","I"
"2379","015182517","2517","3",5,"GEOLOGÍA","I"
"2557","017842517","2517","3",5,"GEOLOGÍA","I"
"2575","014172518","2518","3",5,"MATEMÁTICAS","I"
"2636","020252518","2518","3.1",5,"MATEMÁTICAS","I"
"2694","021252518","2518","3.2",5,"MATEMÁTICAS","I"
"2697","021292518","2518","3",5,"MATEMÁTICAS","I"
"2722","021632518","2518","2.8",5,"MATEMÁTICAS","I"
"2840","016872519","2519","2.9",5,"QUÍMICA","I"
"2842","016912519","2519","3",5,"QUÍMICA","I"
"2978","021512519","2519","2.7",5,"QUÍMICA","I"
"3005","022052519","2519","3.1",5,"QUÍMICA","I"
"3105","023712519","2519","3.1",5,"QUÍMICA","I"
"3167","024492519","2519","2.9",5,"QUÍMICA","I"
"3201","025172519","2519","2.9",5,"QUÍMICA","I"
"3211","025332519","2519","3",5,"QUÍMICA","I"
"3222","025462519","2519","3",5,"QUÍMICA","I"
"3242","025762519","2519","2.9",5,"QUÍMICA","I"
"3255","025952519","2519","3",5,"QUÍMICA","I"
"3260","026012519","2519","3.2",5,"QUÍMICA","I"
"3307","026772519","2519","2.7",5,"QUÍMICA","I"
"3317","026942519","2519","2.9",5,"QUÍMICA","I"
"3375","000032933","2933","2.8",5,"CIENCIAS DE LA COMPUTACIÓN","I"
"3409","000872933","2933","3",5,"CIENCIAS DE LA COMPUTACIÓN","I"
"3422","001142933","2933","3.1",5,"CIENCIAS DE LA COMPUTACIÓN","I"
"3461","001802933","2933","2.7",5,"CIENCIAS DE LA COMPUTACIÓN","I"
"3477","002142933","2933","3.2",5,"CIENCIAS DE LA COMPUTACIÓN","I"
"3483","002222933","2933","3",5,"CIENCIAS DE LA COMPUTACIÓN","I"
"3484","002232933","2933","3",5,"CIENCIAS DE LA COMPUTACIÓN","I"
"3496","002512933","2933","3",5,"CIENCIAS DE LA COMPUTACIÓN","I"
"3542","003482933","2933","2.9",5,"CIENCIAS DE LA COMPUTACIÓN","I"
"3550","003572933","2933","3.3",5,"CIENCIAS DE LA COMPUTACIÓN","I"
"3557","003712933","2933","3.1",5,"CIENCIAS DE LA COMPUTACIÓN","I"
"3565","003932933","2933","3",5,"CIENCIAS DE LA COMPUTACIÓN","I"
"3574","004072933","2933","3.1",5,"CIENCIAS DE LA COMPUTACIÓN","I"
"1","005352513","2513","3.1",2,"BIOLOGÍA","II"
"2","012412513","2513","2.9",2,"BIOLOGÍA","II"
"15","016452513","2513","3.3",2,"BIOLOGÍA","II"
"32","017902513","2513","3.4",2,"BIOLOGÍA","II"
"84","019862513","2513","3",2,"BIOLOGÍA","II"
"135","020812513","2513","3.1",2,"BIOLOGÍA","II"
"146","021082513","2513","3.1",2,"BIOLOGÍA","II"
"173","021492513","2513","3.1",2,"BIOLOGÍA","II"
"240","022692513","2513","3.2",2,"BIOLOGÍA","II"
"290","023492513","2513","2.9",2,"BIOLOGÍA","II"
"318","023802513","2513","3.3",2,"BIOLOGÍA","II"
"326","023882513","2513","3.1",2,"BIOLOGÍA","II"
"337","024142513","2513","3.1",2,"BIOLOGÍA","II"
"340","024172513","2513","3.1",2,"BIOLOGÍA","II"
"359","024502513","2513","3.1",2,"BIOLOGÍA","II"
"367","024612513","2513","3.3",2,"BIOLOGÍA","II"
"368","024632513","2513","3.3",2,"BIOLOGÍA","II"
"369","024652513","2513","3.2",2,"BIOLOGÍA","II"
"376","024792513","2513","3.3",2,"BIOLOGÍA","II"
"401","025102513","2513","3",2,"BIOLOGÍA","II"
"436","025532513","2513","3.3",2,"BIOLOGÍA","II"
"442","025602513","2513","3.1",2,"BIOLOGÍA","II"
"444","025622513","2513","3.2",2,"BIOLOGÍA","II"
"446","025652513","2513","3",2,"BIOLOGÍA","II"
"455","025772513","2513","3.4",2,"BIOLOGÍA","II"
"458","025802513","2513","3.3",2,"BIOLOGÍA","II"
"470","025972513","2513","3.1",2,"BIOLOGÍA","II"
"472","026002513","2513","3.3",2,"BIOLOGÍA","II"
"483","026202513","2513","3.2",2,"BIOLOGÍA","II"
"485","026242513","2513","3.2",2,"BIOLOGÍA","II"
"496","026512513","2513","3.2",2,"BIOLOGÍA","II"
"504","026632513","2513","3.4",2,"BIOLOGÍA","II"
"512","026762513","2513","3",2,"BIOLOGÍA","II"
"515","026832513","2513","3.1",2,"BIOLOGÍA","II"
"516","026852513","2513","3.3",2,"BIOLOGÍA","II"
"545","015122514","2514","3",2,"ESTADÍSTICA","II"
"601","017672514","2514","3",2,"ESTADÍSTICA","II"
"617","017932514","2514","3.1",2,"ESTADÍSTICA","II"
"632","018272514","2514","3",2,"ESTADÍSTICA","II"
"641","018382514","2514","3.3",2,"ESTADÍSTICA","II"
"645","018422514","2514","3.2",2,"ESTADÍSTICA","II"
"659","018652514","2514","3.3",2,"ESTADÍSTICA","II"
"661","018682514","2514","3",2,"ESTADÍSTICA","II"
"664","018852514","2514","3.4",2,"ESTADÍSTICA","II"
"668","018912514","2514","2.8",2,"ESTADÍSTICA","II"
"669","018932514","2514","3.3",2,"ESTADÍSTICA","II"
"675","019002514","2514","3.3",2,"ESTADÍSTICA","II"
"684","019092514","2514","3.1",2,"ESTADÍSTICA","II"
"689","019162514","2514","3.3",2,"ESTADÍSTICA","II"
"691","019192514","2514","3.3",2,"ESTADÍSTICA","II"
"695","019272514","2514","3.2",2,"ESTADÍSTICA","II"
"709","019472514","2514","3.3",2,"ESTADÍSTICA","II"
"731","019872514","2514","3",2,"ESTADÍSTICA","II"
"748","020152514","2514","3.3",2,"ESTADÍSTICA","II"
"752","020242514","2514","3.3",2,"ESTADÍSTICA","II"
"772","020472514","2514","3.3",2,"ESTADÍSTICA","II"
"773","020492514","2514","3",2,"ESTADÍSTICA","II"
"784","020642514","2514","3.1",2,"ESTADÍSTICA","II"
"791","020762514","2514","3.2",2,"ESTADÍSTICA","II"
"801","020892514","2514","3",2,"ESTADÍSTICA","II"
"808","020962514","2514","3.2",2,"ESTADÍSTICA","II"
"809","020972514","2514","3.3",2,"ESTADÍSTICA","II"
"817","021112514","2514","3.2",2,"ESTADÍSTICA","II"
"824","021262514","2514","3.3",2,"ESTADÍSTICA","II"
"833","021452514","2514","3.3",2,"ESTADÍSTICA","II"
"839","021522514","2514","3.3",2,"ESTADÍSTICA","II"
"843","021572514","2514","3.1",2,"ESTADÍSTICA","II"
"844","021592514","2514","3.1",2,"ESTADÍSTICA","II"
"846","021612514","2514","3.4",2,"ESTADÍSTICA","II"
"852","021712514","2514","3",2,"ESTADÍSTICA","II"
"855","021762514","2514","3.3",2,"ESTADÍSTICA","II"
"856","021792514","2514","3.2",2,"ESTADÍSTICA","II"
"857","021802514","2514","3.1",2,"ESTADÍSTICA","II"
"862","021862514","2514","3.3",2,"ESTADÍSTICA","II"
"869","021982514","2514","3.3",2,"ESTADÍSTICA","II"
"870","021992514","2514","3.3",2,"ESTADÍSTICA","II"
"874","022042514","2514","3.1",2,"ESTADÍSTICA","II"
"878","022092514","2514","3.4",2,"ESTADÍSTICA","II"
"881","022142514","2514","3",2,"ESTADÍSTICA","II"
"894","022332514","2514","3",2,"ESTADÍSTICA","II"
"895","022342514","2514","3.2",2,"ESTADÍSTICA","II"
"896","022362514","2514","3.2",2,"ESTADÍSTICA","II"
"900","022452514","2514","3.3",2,"ESTADÍSTICA","II"
"903","022482514","2514","3",2,"ESTADÍSTICA","II"
"907","022532514","2514","3.3",2,"ESTADÍSTICA","II"
"911","022572514","2514","3.2",2,"ESTADÍSTICA","II"
"920","022752514","2514","3.2",2,"ESTADÍSTICA","II"
"922","022812514","2514","3.3",2,"ESTADÍSTICA","II"
"944","023182514","2514","3.3",2,"ESTADÍSTICA","II"
"951","023282514","2514","3",2,"ESTADÍSTICA","II"
"953","023302514","2514","3.4",2,"ESTADÍSTICA","II"
"956","023362514","2514","3.1",2,"ESTADÍSTICA","II"
"957","023382514","2514","3.4",2,"ESTADÍSTICA","II"
"1109","023712515","2515","3.4",2,"FARMACIA","II"
"1119","023872515","2515","3.3",2,"FARMACIA","II"
"1129","024012515","2515","3.3",2,"FARMACIA","II"
"1175","024772515","2515","3.1",2,"FARMACIA","II"
"1193","025022515","2515","3.3",2,"FARMACIA","II"
"1201","025112515","2515","3",2,"FARMACIA","II"
"1228","025442515","2515","3.4",2,"FARMACIA","II"
"1233","025512515","2515","3.2",2,"FARMACIA","II"
"1243","025632515","2515","3.2",2,"FARMACIA","II"
"1249","025692515","2515","3.2",2,"FARMACIA","II"
"1271","025952515","2515","3",2,"FARMACIA","II"
"1274","025992515","2515","3.4",2,"FARMACIA","II"
"1275","026002515","2515","3.2",2,"FARMACIA","II"
"1278","026032515","2515","3.1",2,"FARMACIA","II"
"1317","026522515","2515","3.2",2,"FARMACIA","II"
"1320","026552515","2515","3.3",2,"FARMACIA","II"
"1325","026612515","2515","3.3",2,"FARMACIA","II"
"1330","026682515","2515","3.2",2,"FARMACIA","II"
"1335","026762515","2515","3.3",2,"FARMACIA","II"
"1345","026922515","2515","3",2,"FARMACIA","II"
"1346","026932515","2515","3.2",2,"FARMACIA","II"
"1370","027252515","2515","3.3",2,"FARMACIA","II"
"1373","027282515","2515","3.4",2,"FARMACIA","II"
"1375","027312515","2515","3.4",2,"FARMACIA","II"
"1379","027392515","2515","3",2,"FARMACIA","II"
"1381","027422515","2515","3.4",2,"FARMACIA","II"
"1387","027612515","2515","3.4",2,"FARMACIA","II"
"1396","027712515","2515","3.2",2,"FARMACIA","II"
"1411","027872515","2515","3.4",2,"FARMACIA","II"
"1420","027972515","2515","3.1",2,"FARMACIA","II"
"1423","028002515","2515","3.2",2,"FARMACIA","II"
"1433","028122515","2515","3.1",2,"FARMACIA","II"
"1440","028192515","2515","3.3",2,"FARMACIA","II"
"1441","028202515","2515","3.3",2,"FARMACIA","II"
"1449","028302515","2515","3.1",2,"FARMACIA","II"
"1455","028402515","2515","2.9",2,"FARMACIA","II"
"1457","028432515","2515","3.2",2,"FARMACIA","II"
"1458","028442515","2515","3",2,"FARMACIA","II"
"1467","028592515","2515","3.3",2,"FARMACIA","II"
"1473","028672515","2515","3.4",2,"FARMACIA","II"
"1491","028972515","2515","3.1",2,"FARMACIA","II"
"1492","028982515","2515","3.1",2,"FARMACIA","II"
"1493","028992515","2515","3.2",2,"FARMACIA","II"
"1513","029322515","2515","3.4",2,"FARMACIA","II"
"1519","029402515","2515","3",2,"FARMACIA","II"
"1537","029682515","2515","3.3",2,"FARMACIA","II"
"1545","029862515","2515","3.2",2,"FARMACIA","II"
"1552","010372516","2516","3.1",2,"FÍSICA","II"
"1560","014782516","2516","3.3",2,"FÍSICA","II"
"1563","015012516","2516","3.3",2,"FÍSICA","II"
"1568","015872516","2516","2.8",2,"FÍSICA","II"
"1575","016502516","2516","2.9",2,"FÍSICA","II"
"1618","018932516","2516","3.3",2,"FÍSICA","II"
"1631","019452516","2516","3.2",2,"FÍSICA","II"
"1674","020602516","2516","3.4",2,"FÍSICA","II"
"1684","020822516","2516","3",2,"FÍSICA","II"
"1717","021412516","2516","3.3",2,"FÍSICA","II"
"1718","021442516","2516","3.3",2,"FÍSICA","II"
"1741","021872516","2516","3.3",2,"FÍSICA","II"
"1767","022602516","2516","3.2",2,"FÍSICA","II"
"1776","022722516","2516","3.2",2,"FÍSICA","II"
"1778","022742516","2516","3.2",2,"FÍSICA","II"
"1786","022842516","2516","3.1",2,"FÍSICA","II"
"1800","022982516","2516","3.2",2,"FÍSICA","II"
"1808","023082516","2516","3.4",2,"FÍSICA","II"
"1818","023242516","2516","3.3",2,"FÍSICA","II"
"1825","023342516","2516","3.2",2,"FÍSICA","II"
"1835","023442516","2516","3.2",2,"FÍSICA","II"
"1843","023622516","2516","3.3",2,"FÍSICA","II"
"1856","023812516","2516","3",2,"FÍSICA","II"
"1891","024342516","2516","3.2",2,"FÍSICA","II"
"1899","024432516","2516","3.2",2,"FÍSICA","II"
"1900","024442516","2516","3",2,"FÍSICA","II"
"1916","024682516","2516","3.2",2,"FÍSICA","II"
"1930","024842516","2516","3.2",2,"FÍSICA","II"
"1935","024892516","2516","3.3",2,"FÍSICA","II"
"1945","025032516","2516","3.3",2,"FÍSICA","II"
"1951","025102516","2516","3.3",2,"FÍSICA","II"
"1963","025232516","2516","3.1",2,"FÍSICA","II"
"1964","025242516","2516","3.3",2,"FÍSICA","II"
"1965","025252516","2516","3.3",2,"FÍSICA","II"
"1984","025632516","2516","3.3",2,"FÍSICA","II"
"1999","025912516","2516","3.1",2,"FÍSICA","II"
"2009","026052516","2516","3.4",2,"FÍSICA","II"
"2019","026252516","2516","3.2",2,"FÍSICA","II"
"2039","026522516","2516","3.1",2,"FÍSICA","II"
"2045","026592516","2516","3.2",2,"FÍSICA","II"
"2052","026662516","2516","3.1",2,"FÍSICA","II"
"2053","026672516","2516","3.4",2,"FÍSICA","II"
"2056","026722516","2516","3.4",2,"FÍSICA","II"
"2058","026752516","2516","3.1",2,"FÍSICA","II"
"2059","026762516","2516","3.4",2,"FÍSICA","II"
"2078","027022516","2516","3",2,"FÍSICA","II"
"2099","027322516","2516","3.1",2,"FÍSICA","II"
"2100","027332516","2516","3.3",2,"FÍSICA","II"
"2101","027342516","2516","3.3",2,"FÍSICA","II"
"2103","027362516","2516","3",2,"FÍSICA","II"
"2115","027512516","2516","3",2,"FÍSICA","II"
"2117","027532516","2516","3.1",2,"FÍSICA","II"
"2119","027572516","2516","3.2",2,"FÍSICA","II"
"2120","027592516","2516","3.1",2,"FÍSICA","II"
"2121","027602516","2516","3",2,"FÍSICA","II"
"2126","027662516","2516","3.4",2,"FÍSICA","II"
"2135","027802516","2516","3.4",2,"FÍSICA","II"
"2136","027812516","2516","3.2",2,"FÍSICA","II"
"2140","027872516","2516","3.2",2,"FÍSICA","II"
"2168","028272516","2516","3",2,"FÍSICA","II"
"2179","028432516","2516","3.2",2,"FÍSICA","II"
"2181","028462516","2516","3.2",2,"FÍSICA","II"
"2184","028492516","2516","3.1",2,"FÍSICA","II"
"2192","028662516","2516","3.2",2,"FÍSICA","II"
"2197","028772516","2516","3.2",2,"FÍSICA","II"
"2199","007312517","2517","3.4",2,"GEOLOGÍA","II"
"2209","010952517","2517","3.3",2,"GEOLOGÍA","II"
"2263","013092517","2517","3.3",2,"GEOLOGÍA","II"
"2273","013342517","2517","3.3",2,"GEOLOGÍA","II"
"2288","013622517","2517","3.2",2,"GEOLOGÍA","II"
"2354","014882517","2517","3.2",2,"GEOLOGÍA","II"
"2362","014982517","2517","3",2,"GEOLOGÍA","II"
"2363","014992517","2517","3.2",2,"GEOLOGÍA","II"
"2367","015042517","2517","3",2,"GEOLOGÍA","II"
"2372","015102517","2517","3.3",2,"GEOLOGÍA","II"
"2380","015192517","2517","3.3",2,"GEOLOGÍA","II"
"2381","015202517","2517","3.3",2,"GEOLOGÍA","II"
"2382","015212517","2517","3.2",2,"GEOLOGÍA","II"
"2385","015252517","2517","3.1",2,"GEOLOGÍA","II"
"2405","015482517","2517","3.2",2,"GEOLOGÍA","II"
"2408","015532517","2517","3.2",2,"GEOLOGÍA","II"
"2410","015552517","2517","3.1",2,"GEOLOGÍA","II"
"2423","015782517","2517","3.1",2,"GEOLOGÍA","II"
"2427","015832517","2517","3.3",2,"GEOLOGÍA","II"
"2432","015922517","2517","3.4",2,"GEOLOGÍA","II"
"2437","015992517","2517","3.4",2,"GEOLOGÍA","II"
"2444","016082517","2517","2.8",2,"GEOLOGÍA","II"
"2446","016132517","2517","3.4",2,"GEOLOGÍA","II"
"2455","016302517","2517","3.3",2,"GEOLOGÍA","II"
"2460","016392517","2517","3.4",2,"GEOLOGÍA","II"
"2472","016532517","2517","3.4",2,"GEOLOGÍA","II"
"2475","016582517","2517","3.3",2,"GEOLOGÍA","II"
"2477","016602517","2517","2.9",2,"GEOLOGÍA","II"
"2491","016822517","2517","3.2",2,"GEOLOGÍA","II"
"2499","016902517","2517","3.1",2,"GEOLOGÍA","II"
"2500","016912517","2517","3.3",2,"GEOLOGÍA","II"
"2515","017112517","2517","3.3",2,"GEOLOGÍA","II"
"2520","017192517","2517","3.3",2,"GEOLOGÍA","II"
"2521","017202517","2517","2.8",2,"GEOLOGÍA","II"
"2524","017232517","2517","3.4",2,"GEOLOGÍA","II"
"2529","017302517","2517","3.2",2,"GEOLOGÍA","II"
"2533","017342517","2517","3",2,"GEOLOGÍA","II"
"2534","017352517","2517","3.2",2,"GEOLOGÍA","II"
"2535","017362517","2517","2.9",2,"GEOLOGÍA","II"
"2536","017372517","2517","3.2",2,"GEOLOGÍA","II"
"2540","017452517","2517","3.4",2,"GEOLOGÍA","II"
"2544","017512517","2517","3.3",2,"GEOLOGÍA","II"
"2553","017702517","2517","3.3",2,"GEOLOGÍA","II"
"2560","017902517","2517","3.1",2,"GEOLOGÍA","II"
"2563","017992517","2517","3.3",2,"GEOLOGÍA","II"
"2568","018152517","2517","3.1",2,"GEOLOGÍA","II"
"2570","010312518","2518","3.3",2,"MATEMÁTICAS","II"
"2573","014002518","2518","3",2,"MATEMÁTICAS","II"
"2589","018122518","2518","3.3",2,"MATEMÁTICAS","II"
"2591","018172518","2518","2.9",2,"MATEMÁTICAS","II"
"2598","018612518","2518","3",2,"MATEMÁTICAS","II"
"2614","019602518","2518","3.1",2,"MATEMÁTICAS","II"
"2616","019692518","2518","3",2,"MATEMÁTICAS","II"
"2624","019922518","2518","3",2,"MATEMÁTICAS","II"
"2638","020292518","2518","3",2,"MATEMÁTICAS","II"
"2666","020832518","2518","3.2",2,"MATEMÁTICAS","II"
"2669","020892518","2518","3.4",2,"MATEMÁTICAS","II"
"2686","021172518","2518","3",2,"MATEMÁTICAS","II"
"2687","021182518","2518","3.3",2,"MATEMÁTICAS","II"
"2689","021202518","2518","3.3",2,"MATEMÁTICAS","II"
"2692","021232518","2518","3.1",2,"MATEMÁTICAS","II"
"2693","021242518","2518","3.4",2,"MATEMÁTICAS","II"
"2696","021282518","2518","2.8",2,"MATEMÁTICAS","II"
"2706","021462518","2518","3.1",2,"MATEMÁTICAS","II"
"2709","021502518","2518","3.2",2,"MATEMÁTICAS","II"
"2712","021532518","2518","3",2,"MATEMÁTICAS","II"
"2713","021542518","2518","3.1",2,"MATEMÁTICAS","II"
"2721","021622518","2518","3.2",2,"MATEMÁTICAS","II"
"2725","021702518","2518","3.4",2,"MATEMÁTICAS","II"
"2728","021822518","2518","3.3",2,"MATEMÁTICAS","II"
"2736","021962518","2518","3.3",2,"MATEMÁTICAS","II"
"2746","022322518","2518","3.2",2,"MATEMÁTICAS","II"
"2748","022362518","2518","3.3",2,"MATEMÁTICAS","II"
"2755","022462518","2518","3.2",2,"MATEMÁTICAS","II"
"2765","022662518","2518","3.1",2,"MATEMÁTICAS","II"
"2771","022732518","2518","3.3",2,"MATEMÁTICAS","II"
"2772","022742518","2518","3.1",2,"MATEMÁTICAS","II"
"2777","022802518","2518","3.3",2,"MATEMÁTICAS","II"
"2787","023062518","2518","3.3",2,"MATEMÁTICAS","II"
"2792","023122518","2518","3.3",2,"MATEMÁTICAS","II"
"2796","023192518","2518","3.1",2,"MATEMÁTICAS","II"
"2797","023212518","2518","3.3",2,"MATEMÁTICAS","II"
"2802","023362518","2518","3.3",2,"MATEMÁTICAS","II"
"2805","023402518","2518","3.2",2,"MATEMÁTICAS","II"
"2809","023552518","2518","3.3",2,"MATEMÁTICAS","II"
"2816","023672518","2518","3.1",2,"MATEMÁTICAS","II"
"2817","023692518","2518","3.1",2,"MATEMÁTICAS","II"
"2820","023772518","2518","3.1",2,"MATEMÁTICAS","II"
"2822","006822519","2519","3.3",2,"QUÍMICA","II"
"2823","010012519","2519","3.2",2,"QUÍMICA","II"
"2844","017072519","2519","3.4",2,"QUÍMICA","II"
"2868","018522519","2519","3",2,"QUÍMICA","II"
"2930","020442519","2519","3.1",2,"QUÍMICA","II"
"2942","020762519","2519","3.3",2,"QUÍMICA","II"
"2989","021682519","2519","3.1",2,"QUÍMICA","II"
"2996","021822519","2519","3.2",2,"QUÍMICA","II"
"3001","021982519","2519","3.2",2,"QUÍMICA","II"
"3003","022032519","2519","3.3",2,"QUÍMICA","II"
"3007","022122519","2519","3.1",2,"QUÍMICA","II"
"3035","022532519","2519","3.3",2,"QUÍMICA","II"
"3037","022582519","2519","3.2",2,"QUÍMICA","II"
"3047","022712519","2519","3.1",2,"QUÍMICA","II"
"3058","022852519","2519","3.3",2,"QUÍMICA","II"
"3062","023012519","2519","2.9",2,"QUÍMICA","II"
"3083","023322519","2519","3.2",2,"QUÍMICA","II"
"3097","023562519","2519","3.2",2,"QUÍMICA","II"
"3102","023642519","2519","3.2",2,"QUÍMICA","II"
"3125","024022519","2519","3.4",2,"QUÍMICA","II"
"3127","024042519","2519","3.2",2,"QUÍMICA","II"
"3130","024072519","2519","3.1",2,"QUÍMICA","II"
"3132","024092519","2519","3.3",2,"QUÍMICA","II"
"3133","024102519","2519","3",2,"QUÍMICA","II"
"3142","024202519","2519","3.4",2,"QUÍMICA","II"
"3146","024242519","2519","3",2,"QUÍMICA","II"
"3148","024262519","2519","3.1",2,"QUÍMICA","II"
"3149","024272519","2519","3.4",2,"QUÍMICA","II"
"3172","024552519","2519","3.1",2,"QUÍMICA","II"
"3173","024562519","2519","3.2",2,"QUÍMICA","II"
"3174","024582519","2519","3.4",2,"QUÍMICA","II"
"3180","024722519","2519","3.2",2,"QUÍMICA","II"
"3184","024782519","2519","3.3",2,"QUÍMICA","II"
"3186","024812519","2519","3.3",2,"QUÍMICA","II"
"3188","024892519","2519","3.2",2,"QUÍMICA","II"
"3190","024912519","2519","3.2",2,"QUÍMICA","II"
"3195","025002519","2519","3.2",2,"QUÍMICA","II"
"3197","025022519","2519","3.3",2,"QUÍMICA","II"
"3200","025152519","2519","3.4",2,"QUÍMICA","II"
"3202","025202519","2519","3.1",2,"QUÍMICA","II"
"3215","025382519","2519","3.3",2,"QUÍMICA","II"
"3223","025472519","2519","3.3",2,"QUÍMICA","II"
"3229","025592519","2519","3.4",2,"QUÍMICA","II"
"3232","025632519","2519","3.1",2,"QUÍMICA","II"
"3236","025692519","2519","2.8",2,"QUÍMICA","II"
"3239","025732519","2519","3.2",2,"QUÍMICA","II"
"3240","025742519","2519","3.4",2,"QUÍMICA","II"
"3243","025772519","2519","3.3",2,"QUÍMICA","II"
"3247","025812519","2519","3.3",2,"QUÍMICA","II"
"3248","025852519","2519","3.3",2,"QUÍMICA","II"
"3249","025872519","2519","3.3",2,"QUÍMICA","II"
"3251","025892519","2519","3.2",2,"QUÍMICA","II"
"3254","025942519","2519","3.1",2,"QUÍMICA","II"
"3261","026022519","2519","3.3",2,"QUÍMICA","II"
"3262","026032519","2519","3.1",2,"QUÍMICA","II"
"3272","026202519","2519","3.1",2,"QUÍMICA","II"
"3273","026212519","2519","3.2",2,"QUÍMICA","II"
"3274","026222519","2519","2.9",2,"QUÍMICA","II"
"3276","026262519","2519","3.4",2,"QUÍMICA","II"
"3277","026272519","2519","3.2",2,"QUÍMICA","II"
"3278","026302519","2519","3.2",2,"QUÍMICA","II"
"3281","026342519","2519","3.2",2,"QUÍMICA","II"
"3283","026392519","2519","3",2,"QUÍMICA","II"
"3290","026532519","2519","2.9",2,"QUÍMICA","II"
"3291","026542519","2519","3.2",2,"QUÍMICA","II"
"3293","026572519","2519","3.3",2,"QUÍMICA","II"
"3294","026582519","2519","3.3",2,"QUÍMICA","II"
"3297","026622519","2519","3",2,"QUÍMICA","II"
"3298","026632519","2519","3.1",2,"QUÍMICA","II"
"3299","026642519","2519","3.3",2,"QUÍMICA","II"
"3301","026662519","2519","3.2",2,"QUÍMICA","II"
"3303","026692519","2519","3.4",2,"QUÍMICA","II"
"3305","026722519","2519","3.3",2,"QUÍMICA","II"
"3309","026822519","2519","3.3",2,"QUÍMICA","II"
"3319","026982519","2519","3.3",2,"QUÍMICA","II"
"3321","027052519","2519","3.2",2,"QUÍMICA","II"
"3324","027122519","2519","3.3",2,"QUÍMICA","II"
"3331","027232519","2519","3.1",2,"QUÍMICA","II"
"3332","027242519","2519","3.1",2,"QUÍMICA","II"
"3333","027252519","2519","3",2,"QUÍMICA","II"
"3334","027262519","2519","3.2",2,"QUÍMICA","II"
"3335","027272519","2519","3.4",2,"QUÍMICA","II"
"3336","027282519","2519","3.2",2,"QUÍMICA","II"
"3349","027462519","2519","3",2,"QUÍMICA","II"
"3350","027472519","2519","3.3",2,"QUÍMICA","II"
"3352","027502519","2519","3.2",2,"QUÍMICA","II"
"3355","027532519","2519","3.2",2,"QUÍMICA","II"
"3356","027552519","2519","3.3",2,"QUÍMICA","II"
"3359","027582519","2519","3.3",2,"QUÍMICA","II"
"3360","027592519","2519","3.1",2,"QUÍMICA","II"
"3364","027702519","2519","3.1",2,"QUÍMICA","II"
"3365","027712519","2519","3.1",2,"QUÍMICA","II"
"3392","000582933","2933","3",2,"CIENCIAS DE LA COMPUTACIÓN","II"
"3395","000622933","2933","3.1",2,"CIENCIAS DE LA COMPUTACIÓN","II"
"3410","000882933","2933","3.1",2,"CIENCIAS DE LA COMPUTACIÓN","II"
"3411","000892933","2933","3.3",2,"CIENCIAS DE LA COMPUTACIÓN","II"
"3421","001132933","2933","3.3",2,"CIENCIAS DE LA COMPUTACIÓN","II"
"3431","001282933","2933","3.1",2,"CIENCIAS DE LA COMPUTACIÓN","II"
"3459","001742933","2933","3.1",2,"CIENCIAS DE LA COMPUTACIÓN","II"
"3464","001882933","2933","3",2,"CIENCIAS DE LA COMPUTACIÓN","II"
"3467","001982933","2933","3.4",2,"CIENCIAS DE LA COMPUTACIÓN","II"
"3469","002012933","2933","3.2",2,"CIENCIAS DE LA COMPUTACIÓN","II"
"3503","002612933","2933","3.2",2,"CIENCIAS DE LA COMPUTACIÓN","II"
"3519","002952933","2933","3.3",2,"CIENCIAS DE LA COMPUTACIÓN","II"
"3522","002982933","2933","3.3",2,"CIENCIAS DE LA COMPUTACIÓN","II"
"3531","003162933","2933","3.4",2,"CIENCIAS DE LA COMPUTACIÓN","II"
"3534","003232933","2933","3.3",2,"CIENCIAS DE LA COMPUTACIÓN","II"
"3535","003262933","2933","3",2,"CIENCIAS DE LA COMPUTACIÓN","II"
"3538","003372933","2933","3.2",2,"CIENCIAS DE LA COMPUTACIÓN","II"
"3546","003522933","2933","3.2",2,"CIENCIAS DE LA COMPUTACIÓN","II"
"3551","003602933","2933","2.9",2,"CIENCIAS DE LA COMPUTACIÓN","II"
"3552","003622933","2933","3.1",2,"CIENCIAS DE LA COMPUTACIÓN","II"
"3554","003662933","2933","3.3",2,"CIENCIAS DE LA COMPUTACIÓN","II"
"3569","003992933","2933","3.3",2,"CIENCIAS DE LA COMPUTACIÓN","II"
"3572","004052933","2933","3.2",2,"CIENCIAS DE LA COMPUTACIÓN","II"
"3573","004062933","2933","3.2",2,"CIENCIAS DE LA COMPUTACIÓN","II"
"11","015652513","2513","3.1",4,"BIOLOGÍA","III"
"20","017052513","2513","3.3",4,"BIOLOGÍA","III"
"21","017122513","2513","2.8",4,"BIOLOGÍA","III"
"28","017622513","2513","3.2",4,"BIOLOGÍA","III"
"29","017712513","2513","2.9",4,"BIOLOGÍA","III"
"39","018212513","2513","2.9",4,"BIOLOGÍA","III"
"42","018242513","2513","3.3",4,"BIOLOGÍA","III"
"46","018312513","2513","3.2",4,"BIOLOGÍA","III"
"48","018542513","2513","3.2",4,"BIOLOGÍA","III"
"49","018552513","2513","3.3",4,"BIOLOGÍA","III"
"95","020032513","2513","3.3",4,"BIOLOGÍA","III"
"106","020322513","2513","3.2",4,"BIOLOGÍA","III"
"134","020782513","2513","3.3",4,"BIOLOGÍA","III"
"143","021012513","2513","3.3",4,"BIOLOGÍA","III"
"144","021022513","2513","3.1",4,"BIOLOGÍA","III"
"159","021272513","2513","3.4",4,"BIOLOGÍA","III"
"171","021472513","2513","3.3",4,"BIOLOGÍA","III"
"175","021522513","2513","3.3",4,"BIOLOGÍA","III"
"279","023302513","2513","3.1",4,"BIOLOGÍA","III"
"528","009632514","2514","3.3",4,"ESTADÍSTICA","III"
"531","012832514","2514","3.4",4,"ESTADÍSTICA","III"
"532","013472514","2514","3.2",4,"ESTADÍSTICA","III"
"534","013702514","2514","3.1",4,"ESTADÍSTICA","III"
"538","014312514","2514","3.4",4,"ESTADÍSTICA","III"
"540","014462514","2514","3.3",4,"ESTADÍSTICA","III"
"544","014942514","2514","3.3",4,"ESTADÍSTICA","III"
"546","015202514","2514","3.4",4,"ESTADÍSTICA","III"
"551","015792514","2514","3.3",4,"ESTADÍSTICA","III"
"552","016162514","2514","3.4",4,"ESTADÍSTICA","III"
"555","016242514","2514","2.8",4,"ESTADÍSTICA","III"
"562","016492514","2514","3",4,"ESTADÍSTICA","III"
"563","016512514","2514","3.3",4,"ESTADÍSTICA","III"
"566","016582514","2514","3.2",4,"ESTADÍSTICA","III"
"570","016732514","2514","3.2",4,"ESTADÍSTICA","III"
"573","016842514","2514","3",4,"ESTADÍSTICA","III"
"581","017072514","2514","3.3",4,"ESTADÍSTICA","III"
"586","017212514","2514","3.3",4,"ESTADÍSTICA","III"
"590","017382514","2514","3.3",4,"ESTADÍSTICA","III"
"594","017552514","2514","2.8",4,"ESTADÍSTICA","III"
"598","017632514","2514","3.3",4,"ESTADÍSTICA","III"
"613","017892514","2514","3.2",4,"ESTADÍSTICA","III"
"622","018052514","2514","3.2",4,"ESTADÍSTICA","III"
"623","018082514","2514","3.3",4,"ESTADÍSTICA","III"
"720","019702514","2514","3.3",4,"ESTADÍSTICA","III"
"961","014732515","2515","3.3",4,"FARMACIA","III"
"964","017832515","2515","3.3",4,"FARMACIA","III"
"965","017862515","2515","3.3",4,"FARMACIA","III"
"969","019312515","2515","3.2",4,"FARMACIA","III"
"972","019502515","2515","3.4",4,"FARMACIA","III"
"973","019562515","2515","3.4",4,"FARMACIA","III"
"974","019732515","2515","3.3",4,"FARMACIA","III"
"976","020012515","2515","3.3",4,"FARMACIA","III"
"978","020152515","2515","2.8",4,"FARMACIA","III"
"997","021442515","2515","3.4",4,"FARMACIA","III"
"1019","022062515","2515","3.2",4,"FARMACIA","III"
"1026","022232515","2515","3.2",4,"FARMACIA","III"
"1028","022292515","2515","3.3",4,"FARMACIA","III"
"1031","022442515","2515","3.1",4,"FARMACIA","III"
"1032","022462515","2515","3.2",4,"FARMACIA","III"
"1065","023012515","2515","3.2",4,"FARMACIA","III"
"1108","023642515","2515","3.2",4,"FARMACIA","III"
"1152","024292515","2515","3.3",4,"FARMACIA","III"
"1167","024592515","2515","3.2",4,"FARMACIA","III"
"1170","024702515","2515","3.1",4,"FARMACIA","III"
"1216","025292515","2515","3.4",4,"FARMACIA","III"
"1220","025332515","2515","3.2",4,"FARMACIA","III"
"1556","011692516","2516","3.2",4,"FÍSICA","III"
"1561","014872516","2516","3.4",4,"FÍSICA","III"
"1562","014992516","2516","2.9",4,"FÍSICA","III"
"1566","015682516","2516","3",4,"FÍSICA","III"
"1569","015882516","2516","3.3",4,"FÍSICA","III"
"1570","016102516","2516","3.1",4,"FÍSICA","III"
"1571","016342516","2516","3.3",4,"FÍSICA","III"
"1572","016392516","2516","3.3",4,"FÍSICA","III"
"1574","016452516","2516","3.4",4,"FÍSICA","III"
"1576","016652516","2516","3.3",4,"FÍSICA","III"
"1578","016722516","2516","3.1",4,"FÍSICA","III"
"1583","016982516","2516","3.1",4,"FÍSICA","III"
"1584","017132516","2516","3.3",4,"FÍSICA","III"
"1587","017342516","2516","2.8",4,"FÍSICA","III"
"1594","017752516","2516","3.2",4,"FÍSICA","III"
"1596","017772516","2516","3.4",4,"FÍSICA","III"
"1598","017882516","2516","3.2",4,"FÍSICA","III"
"1599","017922516","2516","3.1",4,"FÍSICA","III"
"1601","018002516","2516","3",4,"FÍSICA","III"
"1610","018372516","2516","3",4,"FÍSICA","III"
"1612","018402516","2516","3.1",4,"FÍSICA","III"
"1613","018462516","2516","3.4",4,"FÍSICA","III"
"1635","019592516","2516","3.1",4,"FÍSICA","III"
"1641","019742516","2516","3.3",4,"FÍSICA","III"
"1667","020252516","2516","3.4",4,"FÍSICA","III"
"1671","020472516","2516","3.4",4,"FÍSICA","III"
"1704","021172516","2516","3",4,"FÍSICA","III"
"1706","021202516","2516","3.2",4,"FÍSICA","III"
"1712","021282516","2516","3.1",4,"FÍSICA","III"
"2200","008102517","2517","3",4,"GEOLOGÍA","III"
"2203","009602517","2517","3.4",4,"GEOLOGÍA","III"
"2205","009962517","2517","3",4,"GEOLOGÍA","III"
"2207","010752517","2517","3.4",4,"GEOLOGÍA","III"
"2208","010942517","2517","3.2",4,"GEOLOGÍA","III"
"2213","011342517","2517","3.1",4,"GEOLOGÍA","III"
"2215","011442517","2517","3.2",4,"GEOLOGÍA","III"
"2217","011532517","2517","3.3",4,"GEOLOGÍA","III"
"2238","012632517","2517","3",4,"GEOLOGÍA","III"
"2257","012962517","2517","3.3",4,"GEOLOGÍA","III"
"2293","013722517","2517","3.3",4,"GEOLOGÍA","III"
"2415","015632517","2517","3.4",4,"GEOLOGÍA","III"
"2577","015522518","2518","2.8",4,"MATEMÁTICAS","III"
"2579","015542518","2518","2.9",4,"MATEMÁTICAS","III"
"2580","015652518","2518","3.4",4,"MATEMÁTICAS","III"
"2582","016212518","2518","3",4,"MATEMÁTICAS","III"
"2583","016302518","2518","2.7",4,"MATEMÁTICAS","III"
"2585","017232518","2518","3.2",4,"MATEMÁTICAS","III"
"2586","017402518","2518","3.3",4,"MATEMÁTICAS","III"
"2592","018282518","2518","3.1",4,"MATEMÁTICAS","III"
"2594","018362518","2518","3.4",4,"MATEMÁTICAS","III"
"2596","018592518","2518","3.3",4,"MATEMÁTICAS","III"
"2608","019302518","2518","3.1",4,"MATEMÁTICAS","III"
"2637","020282518","2518","3.3",4,"MATEMÁTICAS","III"
"2646","020502518","2518","3.3",4,"MATEMÁTICAS","III"
"2655","020642518","2518","3",4,"MATEMÁTICAS","III"
"2825","012532519","2519","3.4",4,"QUÍMICA","III"
"2827","013202519","2519","3.2",4,"QUÍMICA","III"
"2828","013912519","2519","3.2",4,"QUÍMICA","III"
"2829","014502519","2519","3.3",4,"QUÍMICA","III"
"2832","015372519","2519","3.3",4,"QUÍMICA","III"
"2833","015392519","2519","2.8",4,"QUÍMICA","III"
"2834","015422519","2519","3.4",4,"QUÍMICA","III"
"2835","015482519","2519","3.4",4,"QUÍMICA","III"
"2841","016892519","2519","3",4,"QUÍMICA","III"
"2843","016932519","2519","3.2",4,"QUÍMICA","III"
"2846","017212519","2519","3.1",4,"QUÍMICA","III"
"2849","017512519","2519","3.3",4,"QUÍMICA","III"
"2851","017552519","2519","3",4,"QUÍMICA","III"
"2853","017732519","2519","3",4,"QUÍMICA","III"
"2854","017802519","2519","3.1",4,"QUÍMICA","III"
"2861","018182519","2519","3.1",4,"QUÍMICA","III"
"2862","018212519","2519","3.4",4,"QUÍMICA","III"
"2863","018272519","2519","3.2",4,"QUÍMICA","III"
"2865","018292519","2519","3.2",4,"QUÍMICA","III"
"2866","018362519","2519","3.1",4,"QUÍMICA","III"
"2871","018632519","2519","3",4,"QUÍMICA","III"
"2876","018762519","2519","3.3",4,"QUÍMICA","III"
"2877","018792519","2519","3.3",4,"QUÍMICA","III"
"2896","019392519","2519","3.4",4,"QUÍMICA","III"
"2909","019732519","2519","3.2",4,"QUÍMICA","III"
"2915","019942519","2519","3.4",4,"QUÍMICA","III"
"2922","020142519","2519","3.3",4,"QUÍMICA","III"
"2927","020252519","2519","3.4",4,"QUÍMICA","III"
"2944","020792519","2519","3",4,"QUÍMICA","III"
"2949","020852519","2519","3.3",4,"QUÍMICA","III"
"2953","020972519","2519","3",4,"QUÍMICA","III"
"2963","021192519","2519","3.2",4,"QUÍMICA","III"
"2986","021632519","2519","3.1",4,"QUÍMICA","III"
"3021","022382519","2519","3.4",4,"QUÍMICA","III"
"3040","022612519","2519","3.2",4,"QUÍMICA","III"
"3379","000182933","2933","3.2",4,"CIENCIAS DE LA COMPUTACIÓN","III"
"3404","000802933","2933","3",4,"CIENCIAS DE LA COMPUTACIÓN","III"
"3416","001062933","2933","3.3",4,"CIENCIAS DE LA COMPUTACIÓN","III"
